ticker,name,city
ACSEL,ACISELSAN ACIPAYAM SELÜLOZ SANAYİ VE TİCARET A.Ş.,DENİZLİ
ADEL,ADEL KALEMCİLİK TİCARET VE SANAYİ A.Ş.,KOCAELİ
ADESE,ADESE GAYRİMENKUL YATIRIM A.Ş.,KONYA
ADLVY,ADİL VARLIK YÖNETİM A.Ş.,İSTANBUL
ADGYO,ADRA GAYRİMENKUL YATIRIM ORTAKLIĞI A.Ş.,İZMİR
AFYON,AFYON ÇİMENTO SANAYİ T.A.Ş.,İSTANBUL
AGHOL,AG ANADOLU GRUBU HOLDİNG A.Ş.,İSTANBUL
AGESA,AGESA HAYAT VE EMEKLİLİK A.Ş.,İSTANBUL
AGROT,AGROTECH YÜKSEK TEKNOLOJİ VE YATIRIM A.Ş.,İSTANBUL
AAGYO,AĞAOĞLU AVRASYA GAYRİMENKUL YATIRIM ORTAKLIĞI A.Ş.,İSTANBUL
AHSGY,AHES GAYRİMENKUL YATIRIM ORTAKLIĞI A.Ş.,İSTANBUL
AHGAZ,AHLATCI DOĞAL GAZ DAĞITIM ENERJİ VE YATIRIM A.Ş.,İSTANBUL
AKSFA,AK FAKTORİNG A.Ş.,İSTANBUL
AKFK,AK FİNANSAL KİRALAMA A.Ş.,İSTANBUL
AKM,AK YATIRIM MENKUL DEĞERLER A.Ş.,İSTANBUL
AKMEN,AK YATIRIM MENKUL DEĞERLER A.Ş.,İSTANBUL
AKCVR,AKADEMİ ÇEVRE ENTEGRE ATIK YÖNETİMİ ENDÜSTRİ A.Ş.,İSTANBUL
AKBNK,AKBANK T.A.Ş.,İSTANBUL
AKCNS,AKÇANSA ÇİMENTO SANAYİ VE TİCARET A.Ş.,İSTANBUL
AKDFA,AKDENİZ FAKTORİNG A.Ş.,İSTANBUL
AKYHO,AKDENİZ YATIRIM HOLDİNG A.Ş.,İSTANBUL
AKENR,AKENERJİ ELEKTRİK ÜRETİM A.Ş.,İSTANBUL
AKFGY,AKFEN GAYRİMENKUL YATIRIM ORTAKLIĞI A.Ş.,İSTANBUL
AKFIS,AKFEN İNŞAAT TURİZM VE TİCARET A.Ş.,ANKARA
AKFYE,AKFEN YENİLENEBİLİR ENERJİ A.Ş.,ANKARA
AKHAN,AKHAN UN FABRİKASI VE TARIM ÜRÜNLERİ GIDA SANAYİ TİCARET A.Ş.,ADANA
ATEKS,AKIN TEKSTİL A.Ş.,İSTANBUL
AKSGY,AKİŞ GAYRİMENKUL YATIRIM ORTAKLIĞI A.Ş.,İSTANBUL
AKMGY,AKMERKEZ GAYRİMENKUL YATIRIM ORTAKLIĞI A.Ş.,İSTANBUL
AKSA,AKSA AKRİLİK KİMYA SANAYİİ A.Ş.,YALOVA
AKSEN,AKSA ENERJİ ÜRETİM A.Ş.,İSTANBUL
AKGRT,AKSİGORTA A.Ş.,İSTANBUL
AKSUE,AKSU ENERJİ VE TİCARET A.Ş.,ISPARTA
AKTVK,AKTİF BANK SUKUK VARLIK KİRALAMA A.Ş.,İSTANBUL
AFB,AKTİF YATIRIM BANKASI A.Ş.,İSTANBUL
AKTIF,AKTİF YATIRIM BANKASI A.Ş.,İSTANBUL
ALCAR,ALARKO CARRIER SANAYİ VE TİCARET A.Ş.,İSTANBUL
ALGYO,ALARKO GAYRİMENKUL YATIRIM ORTAKLIĞI A.Ş.,İSTANBUL
ALARK,ALARKO HOLDİNG A.Ş.,İSTANBUL
ALBRK,ALBARAKA TÜRK KATILIM BANKASI A.Ş.,İSTANBUL
ALK,ALBARAKA TÜRK KATILIM BANKASI A.Ş.,İSTANBUL
ALCTL,ALCATEL LUCENT TELETAŞ TELEKOMÜNİKASYON A.Ş.,İSTANBUL
ALFAS,ALFA SOLAR ENERJİ SANAYİ VE TİCARET A.Ş.,ANKARA
ALJF,ALJ FİNANSMAN A.Ş.,İSTANBUL
ALKIM,ALKİM ALKALİ KİMYA A.Ş.,İSTANBUL
ALKA,ALKİM KAĞIT SANAYİ VE TİCARET A.Ş.,İZMİR
ALNUS,ALNUS YATIRIM MENKUL DEĞERLER A.Ş.,İSTANBUL
ANC,ALNUS YATIRIM MENKUL DEĞERLER A.Ş.,İSTANBUL
AYCES,ALTIN YUNUS ÇEŞME TURİSTİK TESİSLER A.Ş.,İZMİR
ALTNY,ALTINAY SAVUNMA TEKNOLOJİLERİ A.Ş.,İSTANBUL
ALKLC,ALTINKILIÇ GIDA VE SÜT SANAYİ TİCARET A.Ş.,İSTANBUL
ALVES,ALVES KABLO SANAYİ VE TİCARET A.Ş.,ANKARA
ANSGR,ANADOLU ANONİM TÜRK SİGORTA ŞİRKETİ,İSTANBUL
AEFES,ANADOLU EFES BİRACILIK VE MALT SANAYİİ A.Ş.,
ANHYT,ANADOLU HAYAT EMEKLİLİK A.Ş.,İSTANBUL
ASUZU,ANADOLU ISUZU OTOMOTİV SANAYİ VE TİCARET A.Ş.,İSTANBUL
ANGEN,ANATOLİA TANI VE BİYOTEKNOLOJİ ÜRÜNLERİ ARAŞTIRMA GELİŞTİRME SANAYİ VE TİCARET A.Ş.,
ANELE,ANEL ELEKTRİK PROJE TAAHHÜT VE TİCARET A.Ş.,İSTANBUL
ARCLK,ARÇELİK A.Ş.,İSTANBUL
ARDYZ,ARD GRUP BİLİŞİM TEKNOLOJİLERİ A.Ş.,ANKARA
ARENA,ARENA BİLGİSAYAR SANAYİ VE TİCARET A.Ş.,İSTANBUL
ARFYE,ARF BİO YENİLENEBİLİR ENERJİ ÜRETİM A.Ş.,ANKARA
ARMGD,ARMADA GIDA TİCARET SANAYİ A.Ş.,MERSİN
ARSAN,ARSAN HOLDİNG A.Ş.,KAHRAMANMARAŞ
ARSVY,ARSAN VARLIK YÖNETİM A.Ş.,İSTANBUL
ARTMS,ARTEMİS HALI A.Ş.,İSTANBUL
ARZUM,ARZUM ELEKTRİKLİ EV ALETLERİ SANAYİ VE TİCARET A.Ş.,İSTANBUL
ASGYO,ASCE GAYRİMENKUL YATIRIM ORTAKLIĞI A.Ş.,GAZİANTEP
ASELS,ASELSAN ELEKTRONİK SANAYİ VE TİCARET A.Ş.,ANKARA
ASTOR,ASTOR ENERJİ A.Ş.,ANKARA
ATAGY,ATA GAYRİMENKUL YATIRIM ORTAKLIĞI A.Ş.,İSTANBUL
ATATR,ATA TURİZM İŞLETMECİLİK TAŞIMACILIK MADENCİLİK KUYUMCULUK SANAYİ VE DIŞ TİCARET A.Ş.,İSTANBUL
ATAVK,ATA VARLIK KİRALAMA A.Ş.,İSTANBUL
ATA,ATA YATIRIM MENKUL KIYMETLER A.Ş.,İSTANBUL
ATAYM,ATA YATIRIM MENKUL KIYMETLER A.Ş.,İSTANBUL
ATAKP,ATAKEY PATATES GIDA SANAYİ VE TİCARET A.Ş.,İSTANBUL
AGYO,ATAKULE GAYRİMENKUL YATIRIM ORTAKLIĞI A.Ş.,ANKARA
ATLFA,ATILIM FAKTORİNG A.Ş.,İSTANBUL
ATSYH,ATLANTİS YATIRIM HOLDİNG A.Ş.,İSTANBUL
ATLAS,ATLAS MENKUL KIYMETLER YATIRIM ORTAKLIĞI A.Ş.,İSTANBUL
ATATP,ATP YAZILIM VE TEKNOLOJİ A.Ş.,İSTANBUL
AVOD,A.V.O.D. KURUTULMUŞ GIDA VE TARIM ÜRÜNLERİ SANAYİ TİCARET A.Ş.,İZMİR
AVGYO,AVRASYA GAYRİMENKUL YATIRIM ORTAKLIĞI A.Ş.,İSTANBUL
AVTUR,AVRASYA PETROL VE TURİSTİK TESİSLER YATIRIMLAR A.Ş.,İSTANBUL
AVHOL,AVRUPA YATIRIM HOLDİNG A.Ş.,İSTANBUL
AVPGY,AVRUPAKENT GAYRİMENKUL YATIRIM ORTAKLIĞI A.Ş.,İSTANBUL
AYDEM,AYDEM YENİLENEBİLİR ENERJİ A.Ş.,DENİZLİ
AYEN,AYEN ENERJİ A.Ş.,ANKARA
AYES,AYES ÇELİK HASIR VE ÇİT SANAYİ A.Ş.,İSTANBUL
AYGAZ,AYGAZ A.Ş.,İSTANBUL
AZTEK,AZTEK TEKNOLOJİ ÜRÜNLERİ TİCARET A.Ş.,İSTANBUL
A1CAP,A1 CAPİTAL YATIRIM MENKUL DEĞERLER A.Ş.,İSTANBUL
ACP,A1 CAPİTAL YATIRIM MENKUL DEĞERLER A.Ş.,İSTANBUL
A1YEN,A1 YENİLENEBİLİR ENERJİ ÜRETİM A.Ş.,İSTANBUL
BAGFS,BAGFAŞ BANDIRMA GÜBRE FABRİKALARI A.Ş.,İSTANBUL
BAHKM,BAHADIR KİMYA SANAYİ VE TİCARET A.Ş.,KIRIKKALE
BAKAB,BAK AMBALAJ SANAYİ VE TİCARET A.Ş.,İZMİR
BALAT,BALATACILAR BALATACILIK SANAYİ VE TİCARET A.Ş.,İZMİR
BALSU,BALSU GIDA SANAYİ VE TİCARET A.Ş.,İSTANBUL
BNTAS,BANTAŞ BANDIRMA AMBALAJ SANAYİ VE TİCARET A.Ş.,BALIKESİR
BANVT,BANVİT BANDIRMA VİTAMİNLİ YEM SANAYİ A.Ş.,BALIKESİR
BARMA,BAREM AMBALAJ SANAYİ VE TİCARET A.Ş.,İZMİR
BASGZ,BAŞKENT DOĞALGAZ DAĞITIM GAYRİMENKUL YATIRIM ORTAKLIĞI A.Ş.,ANKARA
BASCM,BAŞTAŞ BAŞKENT ÇİMENTO SANAYİ VE TİCARET A.Ş.,ANKARA
BEGYO,BATI EGE GAYRİMENKUL YATIRIM ORTAKLIĞI A.Ş.,DENİZLİ
BTCIM,BATIÇİM BATI ANADOLU SANAYİ VE TİCARET A.Ş.,İZMİR
BSOKE,BATIÇİM ÇİMENTO SANAYİ A.Ş.,İZMİR
BYDNR,BAYDÖNER RESTORANLARI A.Ş.,İZMİR
BAYRK,BAYRAK EBT TABAN SANAYİ VE TİCARET A.Ş.,İSTANBUL
BERA,BERA HOLDİNG A.Ş.,KONYA
BRKT,BEREKET VARLIK KİRALAMA A.Ş.,İSTANBUL
BRKSN,BERKOSAN YALITIM VE TECRİT MADDELERİ ÜRETİM VE TİCARET A.Ş.,İSTANBUL
BESLR,BESLER GIDA VE KİMYA SANAYİ VE TİCARET A.Ş.,İSTANBUL
BESTE,BEST BRANDS GRUP ENERJİ YATIRIM A.Ş.,İSTANBUL
BJKAS,BEŞİKTAŞ FUTBOL YATIRIMLARI SANAYİ VE TİCARET A.Ş.,İSTANBUL
BETAE,BETA ENERJİ VE TEKNOLOJİ A.Ş.,ADANA
BEYAZ,BEYAZ FİLO OTO KİRALAMA A.Ş.,ANKARA
BIENY,BİEN YAPI ÜRÜNLERİ SANAYİ TURİZM VE TİCARET A.Ş.,ANKARA
BIGTK,BİG MEDYA TEKNOLOJİ A.Ş.,İSTANBUL
BLCYT,BİLİCİ YATIRIM SANAYİ VE TİCARET A.Ş.,ADANA
BLKOM,BİLKOM BİLİŞİM HİZMETLERİ A.Ş.,İSTANBUL
BIMAS,BİM BİRLEŞİK MAĞAZALAR A.Ş.,İSTANBUL
BINBN,BİN ULAŞIM VE AKILLI ŞEHİR TEKNOLOJİLERİ A.Ş.,İSTANBUL
BIOEN,BİOTREND ÇEVRE VE ENERJİ YATIRIMLARI A.Ş.,İSTANBUL
BRKVY,BİRİKİM VARLIK YÖNETİM A.Ş.,İSTANBUL
BRKO,BİRKO BİRLEŞİK KOYUNLULULAR MENSUCAT TİCARET VE SANAYİ A.Ş.,NİĞDE
BIGEN,BİRLEŞİM GRUP ENERJİ YATIRIMLARI A.Ş.,İSTANBUL
BRLSM,BİRLEŞİM MÜHENDİSLİK ISITMA SOĞUTMA HAVALANDIRMA SANAYİ VE TİCARET A.Ş.,İSTANBUL
BRMEN,BİRLİK MENSUCAT TİCARET VE SANAYİ İŞLETMESİ A.Ş.,KAYSERİ
BIZIM,BİZİM TOPTAN SATIŞ MAĞAZALARI A.Ş.,İSTANBUL
BLUME,BLUME METAL KİMYA A.Ş.,İSTANBUL
BMSTL,BMS BİRLEŞİK METAL SANAYİ VE TİCARET A.Ş.,İSTANBUL
BMSCH,BMS ÇELİK HASIR SANAYİ VE TİCARET A.Ş.,MANİSA
BNPPI,BNP PARIBAS ISSUANCE B.V.,
BOBET,BOĞAZİÇİ BETON SANAYİ VE TİCARET A.Ş.,İSTANBUL
BORSK,BOR ŞEKER A.Ş.,İSTANBUL
BORLS,BORLEASE OTOMOTİV A.Ş.,İSTANBUL
BRSAN,BORUSAN BİRLEŞİK BORU FABRİKALARI SANAYİ VE TİCARET A.Ş.,İSTANBUL
BRYAT,BORUSAN YATIRIM VE PAZARLAMA A.Ş.,İSTANBUL
BFREN,BOSCH FREN SİSTEMLERİ SANAYİ VE TİCARET A.Ş.,BURSA
BOSSA,BOSSA TİCARET VE SANAYİ İŞLETMELERİ T.A.Ş.,ADANA
MEPET,BREAK MOLA TURİZM YATIRIMLAR A.Ş.,İSTANBUL
BRISA,BRİSA BRİDGESTONE SABANCI LASTİK SANAYİ VE TİCARET A.Ş.,İSTANBUL
BULGS,BULLS GİRİŞİM SERMAYESİ YATIRIM ORTAKLIĞI A.Ş.,İSTANBUL
BLS,BULLS YATIRIM MENKUL DEĞERLER A.Ş.,İSTANBUL
BLSMD,BULLS YATIRIM MENKUL DEĞERLER A.Ş.,İSTANBUL
BURCE,BURÇELİK BURSA ÇELİK DÖKÜM SANAYİİ A.Ş.,BURSA
BURVA,BURÇELİK VANA SANAYİ VE TİCARET A.Ş.,BURSA
BRGAN,BURGAN BANK A.Ş.,İSTANBUL
BUR,BURGAN BANK A.Ş.,İSTANBUL
BRGFK,BURGAN FİNANSAL KİRALAMA A.Ş.,İSTANBUL
BUCIM,BURSA ÇİMENTO FABRİKASI A.Ş.,BURSA
BVSAN,BÜLBÜLOĞLU VİNÇ SANAYİ VE TİCARET A.Ş.,ANKARA
BIGCH,BÜYÜK ŞEFLER GIDA TURİZM TEKSTİL DANIŞMANLIK ORGANİZASYON EĞİTİM SANAYİ VE TİCARET A.Ş.,İSTANBUL
CRFSA,CARREFOURSA CARREFOUR SABANCI TİCARET MERKEZİ A.Ş.,İSTANBUL
CASA,CASA EMTİA PETROL KİMYEVİ VE TÜREVLERİ SANAYİ VE TİCARET A.Ş.,İSTANBUL
CEMZY,CEM ZEYTİN A.Ş.,İZMİR
CEOEM,CEO EVENT MEDYA A.Ş.,İSTANBUL
CCOLA,COCA-COLA İÇECEK A.Ş.,İSTANBUL
CONSE,CONSUS ENERJİ İŞLETMECİLİĞİ VE HİZMETLERİ A.Ş.,İSTANBUL
COSMO,COSMOS YATIRIM HOLDİNG A.Ş.,İSTANBUL
CRDFA,CREDITWEST FAKTORİNG A.Ş.,İSTANBUL
CVKMD,CVK MADEN İŞLETMELERİ SANAYİ VE TİCARET A.Ş.,İSTANBUL
CWENE,CW ENERJİ MÜHENDİSLİK TİCARET VE SANAYİ A.Ş.,ANTALYA
CGCAM,ÇAĞDAŞ CAM SANAYİ VE TİCARET A.Ş.,AYDIN
CAGFA,ÇAĞDAŞ FAKTORİNG A.Ş.,İSTANBUL
CMSAN,ÇAMSAN ENTEGRE AĞAÇ SANAYİ VE TİCARET A.Ş.,İSTANBUL
CANTE,ÇAN2 TERMİK A.Ş.,İSTANBUL
CATES,ÇATES ELEKTRİK ÜRETİM A.Ş.,ZONGULDAK
CLEBI,ÇELEBİ HAVA SERVİSİ A.Ş.,İSTANBUL
CELHA,ÇELİK HALAT VE TEL SANAYİİ A.Ş.,KOCAELİ
CLKMT,ÇELİK MOTOR TİCARET A.Ş.,İSTANBUL
CEMAS,ÇEMAŞ DÖKÜM SANAYİ A.Ş.,KIRŞEHİR
CEMTS,ÇEMTAŞ ÇELİK MAKİNA SANAYİ VE TİCARET A.Ş.,BURSA
CMBTN,ÇİMBETON HAZIRBETON VE PREFABRİK YAPI ELEMANLARI SANAYİ VE TİCARET A.Ş.,İZMİR
CMENT,ÇİMENTAŞ İZMİR ÇİMENTO FABRİKASI T.A.Ş.,İZMİR
CIMSA,ÇİMSA ÇİMENTO SANAYİ VE TİCARET A.Ş.,İSTANBUL
CUSAN,ÇUHADAROĞLU METAL SANAYİ VE PAZARLAMA A.Ş.,İSTANBUL
DVRLK,D VARLIK KİRALAMA A.Ş.,İSTANBUL
DYBNK,D YATIRIM BANKASI A.Ş.,İSTANBUL
DAGI,DAGİ GİYİM SANAYİ VE TİCARET A.Ş.,İSTANBUL
DAPGM,DAP GAYRİMENKUL GELİŞTİRME A.Ş.,İSTANBUL
DARDL,DARDANEL ÖNENTAŞ GIDA SANAYİ A.Ş.,ÇANAKKALE
DGATE,DATAGATE BİLGİSAYAR MALZEMELERİ TİCARET A.Ş.,İSTANBUL
DCTTR,DCT TRADİNG DIŞ TİCARET A.Ş.,İSTANBUL
DGRVK,DEĞER VARLIK KİRALAMA A.Ş.,İSTANBUL
DMSAS,DEMİSAŞ DÖKÜM EMAYE MAMÜLLERİ SANAYİ A.Ş.,KOCAELİ
DENVA,DENGE VARLIK YÖNETİM A.Ş.,İSTANBUL
DENGE,DENGE YATIRIM HOLDİNG A.Ş.,İSTANBUL
DNZEN,DENİZ EKO ENERJİ VE GERİ DÖNÜŞÜM A.Ş.,İSTANBUL
DENFA,DENİZ FAKTORİNG A.Ş.,İSTANBUL
DNFIN,DENİZ FİNANSAL KİRALAMA A.Ş.,İSTANBUL
DZGYO,DENİZ GAYRİMENKUL YATIRIM ORTAKLIĞI A.Ş.,İSTANBUL
DERIM,DERİMOD KONFEKSİYON AYAKKABI DERİ SANAYİ VE TİCARET A.Ş.,TEKİRDAĞ
DERHL,DERLÜKS YATIRIM HOLDİNG A.Ş.,İSTANBUL
DESA,DESA DERİ SANAYİ VE TİCARET A.Ş.,İSTANBUL
DESPC,DESPEC BİLGİSAYAR PAZARLAMA VE TİCARET A.Ş.,İSTANBUL
DSTKF,DESTEK FİNANS FAKTORİNG A.Ş.,İSTANBUL
DMD,DESTEK YATIRIM MENKUL DEĞERLER A.Ş.,İSTANBUL
DSYAT,DESTEK YATIRIM MENKUL DEĞERLER A.Ş.,İSTANBUL
DEVA,DEVA HOLDİNG A.Ş.,İSTANBUL
DIMES,DİMES GIDA SANAYİ VE TİCARET A.Ş.,TOKAT
DNISI,DİNAMİK ISI MAKİNA YALITIM MALZEMELERİ SANAYİ VE TİCARET A.Ş.,İZMİR
DIRIT,DİRİTEKS DİRİLİŞ TEKSTİL SANAYİ VE TİCARET A.Ş.,ISPARTA
DITAS,DİTAŞ BDY YEDEK PARÇA İMALAT VE TEKNİK A.Ş.,NİĞDE
DKVRL,DK VARLIK KİRALAMA A.Ş.,İSTANBUL
DMRGD,DMR UNLU MAMULLER ÜRETİM GIDA TOPTAN PERAKENDE İHRACAT A.Ş.,İSTANBUL
DOCO,DO & CO AKTIENGESELLSCHAFT,
DOFRB,DOF ROBOTİK SANAYİ A.Ş.,İSTANBUL
DOFER,DOFER YAPI MALZEMELERİ SANAYİ VE TİCARET A.Ş.,ANKARA
DOHOL,DOĞAN ŞİRKETLER GRUBU HOLDİNG A.Ş.,İSTANBUL
DGNMO,DOĞANLAR MOBİLYA GRUBU İMALAT SANAYİ VE TİCARET A.Ş.,İSTANBUL
DOGVY,DOĞRU VARLIK YÖNETİM A.Ş.,İSTANBUL
ARASE,DOĞU ARAS ENERJİ YATIRIMLARI A.Ş.,ERZURUM
DOGUB,DOĞUSAN BORU SANAYİ VE TİCARET A.Ş.,ERZİNCAN
DGGYO,DOĞUŞ GAYRİMENKUL YATIRIM ORTAKLIĞI A.Ş.,İSTANBUL
DOAS,DOĞUŞ OTOMOTİV SERVİS VE TİCARET A.Ş.,İSTANBUL
DFKTR,DORUK FAKTORİNG A.Ş.,İSTANBUL
DOKTA,DÖKTAŞ DÖKÜMCÜLÜK TİCARET VE SANAYİ A.Ş.,BURSA
DURDO,DURAN DOĞAN BASIM VE AMBALAJ SANAYİ A.Ş.,İSTANBUL
DURKN,DURUKAN ŞEKERLEME SANAYİ VE TİCARET A.Ş.,ANKARA
DUNYH,DÜNYA HOLDİNG A.Ş.,İSTANBUL
DNYVA,DÜNYA VARLIK YÖNETİM A.Ş.,İSTANBUL
DYOBY,DYO BOYA FABRİKALARI SANAYİ VE TİCARET A.Ş.,İZMİR
EBEBK,EBEBEK MAĞAZACILIK A.Ş.,İSTANBUL
ECOGR,ECOGREEN ENERJİ HOLDİNG A.Ş.,DENİZLİ
ECZYT,ECZACIBAŞI YATIRIM HOLDİNG ORTAKLIĞI A.Ş.,İSTANBUL
EDATA,E-DATA TEKNOLOJİ PAZARLAMA A.Ş.,ANKARA
EDIP,EDİP GAYRİMENKUL YATIRIM SANAYİ VE TİCARET A.Ş.,İSTANBUL
EFOR,EFOR YATIRIM SANAYİ TİCARET A.Ş.,İSTANBUL
EGEEN,EGE ENDÜSTRİ VE TİCARET A.Ş.,İZMİR
EGGUB,EGE GÜBRE SANAYİİ A.Ş.,İZMİR
EGPRO,EGE PROFİL TİCARET VE SANAYİ A.Ş.,İZMİR
EGSER,EGE SERAMİK SANAYİ VE TİCARET A.Ş.,İZMİR
EPLAS,EGEPLAST EGE PLASTİK TİCARET VE SANAYİ A.Ş.,İZMİR
EGEGY,EGEYAPI AVRUPA GAYRİMENKUL YATIRIM ORTAKLIĞI A.Ş.,İSTANBUL
ECZIP,EİP ECZACIBAŞI İLAÇ PAZARLAMA A.Ş.,İSTANBUL
ECILC,EİS ECZACIBAŞI İLAÇ SINAİ VE FİNANSAL YATIRIMLAR SANAYİ VE TİCARET A.Ş.,İSTANBUL
EKER,EKER SÜT ÜRÜNLERİ GIDA SANAYİ VE TİCARET A.Ş.,BURSA
EKDMR,EKİNCİLER DEMİR VE ÇELİK SANAYİ A.Ş.,İSTANBUL
EKIZ,EKİZ KİMYA SANAYİ VE TİCARET A.Ş.,İZMİR
EKOFA,EKO FAKTORİNG A.Ş.,İSTANBUL
EKOS,EKOS TEKNOLOJİ VE ELEKTRİK A.Ş.,BALIKESİR
EKSUN,EKSUN GIDA TARIM SANAYİ VE TİCARET A.Ş.,İSTANBUL
ELITE,ELİTE NATUREL ORGANİK GIDA SANAYİ VE TİCARET A.Ş.,ANKARA
EMKEL,EMEK ELEKTRİK ENDÜSTRİSİ A.Ş.,ANKARA
EMNIS,EMİNİŞ AMBALAJ SANAYİ VE TİCARET A.Ş.,KOCAELİ
EMIRV,EMİR VARLIK YÖNETİM A.Ş.,İSTANBUL
EKTVK,EMLAK KATILIM VARLIK KİRALAMA A.Ş.,İSTANBUL
DMLKT,EMLAK KONUT DAMLA KENT GMS,İSTANBUL
EKGYO,EMLAK KONUT GAYRİMENKUL YATIRIM ORTAKLIĞI A.Ş.,İSTANBUL
EMVAR,EMLAK VARLIK KİRALAMA A.Ş.,İSTANBUL
EMPAE,EMPA ELEKTRONİK SANAYİ VE TİCARET A.Ş.,İSTANBUL
ENDAE,ENDA ENERJİ HOLDİNG A.Ş.,İZMİR
ENJSA,ENERJİSA ENERJİ A.Ş.,İSTANBUL
ENERY,ENERYA ENERJİ A.Ş.,İSTANBUL
ENKAI,ENKA İNŞAAT VE SANAYİ A.Ş.,İSTANBUL
ENPRA,ENPARA BANK A.Ş.,İSTANBUL
ENSRI,ENSARİ SINAİ YATIRIMLAR A.Ş.,İSTANBUL
ERBOS,ERBOSAN ERCİYAS BORU SANAYİ VE TİCARET A.Ş.,KAYSERİ
ERCB,ERCİYAS ÇELİK BORU SANAYİ A.Ş.,İSTANBUL
EREGL,EREĞLİ DEMİR VE ÇELİK FABRİKALARI T.A.Ş.,İSTANBUL
ERGLI,EREĞLİ TEKSTİL TURİZM SANAYİ VE TİCARET A.Ş.,İSTANBUL
KIMMR,ERSAN ALIŞVERİŞ HİZMETLERİ VE GIDA SANAYİ TİCARET A.Ş.,İSTANBUL
ERSU,ERSU MEYVE VE GIDA SANAYİ A.Ş.,ANKARA
ESCAR,ESCAR FİLO KİRALAMA HİZMETLERİ A.Ş.,İSTANBUL
ESCOM,ESCORT TEKNOLOJİ YATIRIM A.Ş.,İSTANBUL
ESEN,ESENBOĞA ELEKTRİK ÜRETİM A.Ş.,ANKARA
ETILR,ETİLER GIDA VE TİCARİ YATIRIMLAR SANAYİ VE TİCARET A.Ş.,İSTANBUL
EUKYO,EURO KAPİTAL YATIRIM ORTAKLIĞI A.Ş.,ANKARA
EUYO,EURO MENKUL KIYMET YATIRIM ORTAKLIĞI A.Ş.,ANKARA
ETYAT,EURO TREND YATIRIM ORTAKLIĞI A.Ş.,ANKARA
EUHOL,EURO YATIRIM HOLDİNG A.Ş.,İSTANBUL
TEZOL,EUROPAP TEZOL KAĞIT SANAYİ VE TİCARET A.Ş.,İZMİR
EUREN,EUROPEN ENDÜSTRİ İNŞAAT SANAYİ VE TİCARET A.Ş.,ESKİŞEHİR
EUPWR,EUROPOWER ENERJİ VE OTOMASYON TEKNOLOJİLERİ SANAYİ TİCARET A.Ş.,ANKARA
EYGYO,EYG GAYRİMENKUL YATIRIM ORTAKLIĞI A.Ş.,İSTANBUL
FADE,FADE GIDA YATIRIM SANAYİ TİCARET A.Ş.,İZMİR
FAIRF,FAİR FİNANSMAN A.Ş.,İSTANBUL
FMIZP,FEDERAL MOGUL İZMİT PİSTON VE PİM ÜRETİM TESİSLERİ A.Ş.,KOCAELİ
FENER,FENERBAHÇE FUTBOL A.Ş.,İSTANBUL
FBB,FİBABANKA A.Ş.,İSTANBUL
FBBNK,FİBABANKA A.Ş.,İSTANBUL
FKPET,FİKRET PETROL ÜRÜNLERİ PAZARLAMA SANAYİ VE TİCARET A.Ş.,İSTANBUL
FLAP,FLAP KONGRE TOPLANTI HİZMETLERİ OTOMOTİV VE TURİZM A.Ş.,ANKARA
FONET,FONET BİLGİ TEKNOLOJİLERİ A.Ş.,ANKARA
FROTO,FORD OTOMOTİV SANAYİ A.Ş.,İSTANBUL
FORMT,FORMET METAL VE CAM SANAYİ A.Ş.,KAYSERİ
FRMPL,FORMÜL PLASTİK VE METAL SANAYİ A.Ş.,İSTANBUL
FORTE,FORTE BİLGİ İLETİŞİM TEKNOLOJİLERİ VE SAVUNMA SANAYİ A.Ş.,ANKARA
FRIGO,FRİGO-PAK GIDA MADDELERİ SANAYİ VE TİCARET A.Ş.,İSTANBUL
FZLGY,FUZUL GAYRİMENKUL YATIRIM ORTAKLIĞI A.Ş.,İSTANBUL
GWIND,GALATA WIND ENERJİ A.Ş.,İSTANBUL
GSRAY,GALATASARAY SPORTİF SINAİ VE TİCARİ YATIRIMLAR A.Ş.,İSTANBUL
GARFA,GARANTİ FAKTORİNG A.Ş.,İSTANBUL
GARFL,GARANTİ FİLO YÖNETİM HİZMETLERİ A.Ş.,İSTANBUL
GRNYO,GARANTİ YATIRIM ORTAKLIĞI A.Ş.,İSTANBUL
GATEG,GATE GROUP TEKNOLOJİ MEDYA VE SİBER GÜVENLİK HİZMETLERİ A.Ş.,İSTANBUL
GEDIK,GEDİK YATIRIM MENKUL DEĞERLER A.Ş.,İSTANBUL
GEDZA,GEDİZ AMBALAJ SANAYİ VE TİCARET A.Ş.,KÜTAHYA
GLCVY,GELECEK VARLIK YÖNETİMİ A.Ş.,İSTANBUL
GENIL,GEN İLAÇ VE SAĞLIK ÜRÜNLERİ SANAYİ VE TİCARET A.Ş.,ANKARA
GENTS,GENTAŞ DEKORATİF YÜZEYLER SANAYİ VE TİCARET A.Ş.,BOLU
GENKM,GENTAŞ KİMYA SANAYİ VE TİCARET PAZARLAMA A.Ş.,KOCAELİ
GEREL,GERSAN ELEKTRİK TİCARET VE SANAYİ A.Ş.,İSTANBUL
GZNMI,GEZİNOMİ SEYAHAT TURİZM TİCARET A.Ş.,ANTALYA
GIPTA,GIPTA OFİS KIRTASİYE VE PROMOSYON ÜRÜNLERİ İMALAT SANAYİ A.Ş.,ANKARA
GMTAS,GİMAT MAĞAZACILIK SANAYİ VE TİCARET A.Ş.,ANKARA
GESAN,GİRİŞİM ELEKTRİK SANAYİ TAAHHÜT VE TİCARET A.Ş.,ANKARA
GLB,GLOBAL MENKUL DEĞERLER A.Ş.,İSTANBUL
GLBMD,GLOBAL MENKUL DEĞERLER A.Ş.,İSTANBUL
GLYHO,GLOBAL YATIRIM HOLDİNG A.Ş.,İSTANBUL
GGBVK,GOLDEN GLOBAL VARLIK KİRALAMA A.Ş.,İSTANBUL
GSIPD,GOLDMAN SACHS INTERNATIONAL,
GOODY,GOODYEAR LASTİKLERİ T.A.Ş.,İSTANBUL
GOKNR,GÖKNUR GIDA MADDELERİ ENERJİ İMALAT İTHALAT İHRACAT TİCARET VE SANAYİ A.Ş.,ANKARA
GOLTS,GÖLTAŞ GÖLLER BÖLGESİ ÇİMENTO SANAYİ VE TİCARET A.Ş.,İSTANBUL
GOZDE,GÖZDE GİRİŞİM SERMAYESİ YATIRIM ORTAKLIĞI A.Ş.,İSTANBUL
GRTHO,GRAINTURK HOLDİNG A.Ş.,İSTANBUL
GSDDE,GSD DENİZCİLİK GAYRİMENKUL İNŞAAT SANAYİ VE TİCARET A.Ş.,İSTANBUL
GSDHO,GSD HOLDİNG A.Ş.,İSTANBUL
GUBRF,GÜBRE FABRİKALARI T.A.Ş.,İSTANBUL
GLRYH,GÜLER YATIRIM HOLDİNG A.Ş.,İSTANBUL
GLRMK,GÜLERMAK AĞIR SANAYİ İNŞAAT VE TAAHHÜT A.Ş.,ANKARA
GUNDG,GÜNDOĞDU GIDA SÜT ÜRÜNLERİ SANAYİ VE DIŞ TİCARET A.Ş.,İSTANBUL
GRSEL,GÜR-SEL TURİZM TAŞIMACILIK VE SERVİS TİCARET A.Ş.,İSTANBUL
GYVAR,GY VARLIK KİRALAMA A.Ş.,İSTANBUL
SAHOL,HACI ÖMER SABANCI HOLDİNG A.Ş.,İSTANBUL
HALKF,HALK FİNANSAL KİRALAMA A.Ş.,İSTANBUL
HLGYO,HALK GAYRİMENKUL YATIRIM ORTAKLIĞI A.Ş.,İSTANBUL
HLVKS,HALK VARLIK KİRALAMA A.Ş.,İSTANBUL
HALKI,HALK YATIRIM MENKUL DEĞERLER A.Ş.,İSTANBUL
HLY,HALK YATIRIM MENKUL DEĞERLER A.Ş.,İSTANBUL
HRKET,HAREKET PROJE TAŞIMACILIĞI VE YÜK MÜHENDİSLİĞİ A.Ş.,İSTANBUL
HATEK,HATEKS HATAY TEKSTİL İŞLETMELERİ A.Ş.,HATAY
HATSN,HAT-SAN GEMİ İNŞAA BAKIM ONARIM DENİZ NAKLİYAT SANAYİ VE TİCARET A.Ş.,İSTANBUL
HAYVK,HAYAT VARLIK KİRALAMA A.Ş.,İSTANBUL
HDFFL,HEDEF ARAÇ KİRALAMA VE SERVİS A.Ş.,İSTANBUL
HDFGS,HEDEF GİRİŞİM SERMAYESİ YATIRIM ORTAKLIĞI A.Ş.,İSTANBUL
HEDEF,HEDEF HOLDİNG A.Ş.,İSTANBUL
HDFVK,HEDEF VARLIK KİRALAMA A.Ş.,İSTANBUL
HDFYB,HEDEF YATIRIM BANKASI A.Ş.,İSTANBUL
HYB,HEDEF YATIRIM BANKASI A.Ş.,İSTANBUL
HEKTS,HEKTAŞ TİCARET T.A.Ş.,KOCAELİ
HKTM,HİDROPAR HAREKET KONTROL TEKNOLOJİLERİ MERKEZİ SANAYİ VE TİCARET A.Ş.,KOCAELİ
HTTBT,HİTİT BİLGİSAYAR HİZMETLERİ A.Ş.,İSTANBUL
HOROZ,HOROZ LOJİSTİK KARGO HİZMETLERİ VE TİCARET A.Ş.,İSTANBUL
HUBVC,HUB GİRİŞİM SERMAYESİ YATIRIM ORTAKLIĞI A.Ş.,İSTANBUL
HUNER,HUN YENİLENEBİLİR ENERJİ ÜRETİM A.Ş.,İSTANBUL
HUZFA,HUZUR FAKTORİNG A.Ş.,İSTANBUL
HURGZ,HÜRRİYET GAZETECİLİK VE MATBAACILIK A.Ş.,İSTANBUL
ENTRA,IC ENTERRA YENİLENEBİLİR ENERJİ A.Ş.,ANKARA
ICB,ICBC TURKEY BANK A.Ş.,İSTANBUL
ICBCT,ICBC TURKEY BANK A.Ş.,İSTANBUL
ICUGS,ICU GİRİŞİM SERMAYESİ YATIRIM ORTAKLIĞI A.Ş.,İZMİR
INGRM,INGRAM MİCRO BİLİŞİM SİSTEMLERİ A.Ş.,İSTANBUL
INVEO,INVEO YATIRIM HOLDİNG A.Ş.,İSTANBUL
IAZ,INVEST-AZ YATIRIM MENKUL DEĞERLER A.Ş.,İSTANBUL
INVAZ,INVEST-AZ YATIRIM MENKUL DEĞERLER A.Ş.,İSTANBUL
INVES,INVESTCO HOLDİNG A.Ş.,İSTANBUL
ISKPL,IŞIK PLASTİK SANAYİ VE DIŞ TİCARET PAZARLAMA A.Ş.,İSTANBUL
IEYHO,IŞIKLAR ENERJİ VE YAPI HOLDİNG A.Ş.,İSTANBUL
IDGYO,İDEALİST GAYRİMENKUL YATIRIM ORTAKLIĞI A.Ş.,İSTANBUL
IHEVA,İHLAS EV ALETLERİ İMALAT SANAYİ VE TİCARET A.Ş.,İSTANBUL
IHLGM,İHLAS GAYRİMENKUL PROJE GELİŞTİRME VE TİCARET A.Ş.,İSTANBUL
IHGZT,İHLAS GAZETECİLİK A.Ş.,İSTANBUL
IHAAS,İHLAS HABER AJANSI A.Ş.,İSTANBUL
IHLAS,İHLAS HOLDİNG A.Ş.,İSTANBUL
IHYAY,İHLAS YAYIN HOLDİNG A.Ş.,İSTANBUL
IMASM,İMAŞ MAKİNA SANAYİ A.Ş.,KONYA
INDES,İNDEKS BİLGİSAYAR SİSTEMLERİ MÜHENDİSLİK SANAYİ VE TİCARET A.Ş.,İSTANBUL
INFO,İNFO YATIRIM MENKUL DEĞERLER A.Ş.,İSTANBUL
IYF,İNFO YATIRIM MENKUL DEĞERLER A.Ş.,İSTANBUL
INTEK,İNNOSA TEKNOLOJİ A.Ş.,İSTANBUL
INTEM,İNTEMA İNŞAAT VE TESİSAT MALZEMELERİ YATIRIM VE PAZARLAMA A.Ş.,İSTANBUL
ISDMR,İSKENDERUN DEMİR VE ÇELİK A.Ş.,HATAY
ISTFK,İSTANBUL FAKTORİNG A.Ş.,İSTANBUL
ISTVY,İSTANBUL VARLIK YÖNETİM A.Ş.,İSTANBUL
ISFAK,İŞ FAKTORİNG A.Ş.,İSTANBUL
ISFIN,İŞ FİNANSAL KİRALAMA A.Ş.,İSTANBUL
ISGYO,İŞ GAYRİMENKUL YATIRIM ORTAKLIĞI A.Ş.,İSTANBUL
ISGSY,İŞ GİRİŞİM SERMAYESİ YATIRIM ORTAKLIĞI A.Ş.,İSTANBUL
ISMEN,İŞ YATIRIM MENKUL DEĞERLER A.Ş.,İSTANBUL
IYM,İŞ YATIRIM MENKUL DEĞERLER A.Ş.,İSTANBUL
ISYAT,İŞ YATIRIM ORTAKLIĞI A.Ş.,İSTANBUL
ISBIR,İŞBİR HOLDİNG A.Ş.,ANKARA
ISSEN,İŞBİR SENTETİK DOKUMA SANAYİ A.Ş.,BALIKESİR
IZINV,İZ YATIRIM HOLDİNG A.Ş.,İSTANBUL
IZENR,İZDEMİR ENERJİ ELEKTRİK ÜRETİM A.Ş.,İZMİR
IZMDC,İZMİR DEMİR ÇELİK SANAYİ A.Ş.,İZMİR
IZFAS,İZMİR FIRÇA SANAYİ VE TİCARET A.Ş.,İZMİR
JANTS,JANTSA JANT SANAYİ VE TİCARET A.Ş.,AYDIN
KFEIN,KAFEİN YAZILIM HİZMETLERİ TİCARET A.Ş.,İSTANBUL
KLKIM,KALEKİM KİMYEVİ MADDELER SANAYİ VE TİCARET A.Ş.,İSTANBUL
KLSER,KALESERAMİK ÇANAKKALE KALEBODUR SERAMİK SANAYİ A.Ş.,İSTANBUL
KLVKS,KALKINMA YATIRIM VARLIK KİRALAMA A.Ş.,İSTANBUL
KLYPV,KALYON GÜNEŞ TEKNOLOJİLERİ ÜRETİM A.Ş.,ANKARA
KTEST,KAP TEST A.Ş.,ANKARA
KPTGY,KAPİTAL GAYRİMENKUL YATIRIMI GELİŞTİRME VE İŞLETMECİLİK A.Ş.,İSTANBUL
KAPLM,KAPLAMİN AMBALAJ SANAYİ VE TİCARET A.Ş.,İZMİR
KRDMA,KARDEMİR KARABÜK DEMİR ÇELİK SANAYİ VE TİCARET A.Ş.,KARABÜK
KRDMB,KARDEMİR KARABÜK DEMİR ÇELİK SANAYİ VE TİCARET A.Ş.,KARABÜK
KRDMD,KARDEMİR KARABÜK DEMİR ÇELİK SANAYİ VE TİCARET A.Ş.,KARABÜK
KAREL,KAREL ELEKTRONİK SANAYİ VE TİCARET A.Ş.,İSTANBUL
KARSN,KARSAN OTOMOTİV SANAYİİ VE TİCARET A.Ş.,BURSA
KRTEK,KARSU TEKSTİL SANAYİİ VE TİCARET A.Ş.,KAYSERİ
KARTN,KARTONSAN KARTON SANAYİ VE TİCARET A.Ş.,İSTANBUL
KATVK,KATILIM VARLIK KİRALAMA A.Ş.,İSTANBUL
KTLEV,KATILIMEVİM TASARRUF FİNANSMAN A.Ş.,İSTANBUL
KATMR,KATMERCİLER ARAÇ ÜSTÜ EKİPMAN SANAYİ VE TİCARET A.Ş.,İZMİR
KFILO,KAYATUR FİLO KİRALAMA A.Ş.,ANKARA
KAYSE,KAYSERİ ŞEKER FABRİKASI A.Ş.,KAYSERİ
KNTFA,KENT FİNANS FAKTORİNG A.Ş.,İSTANBUL
KENT,KENT GIDA MADDELERİ SANAYİİ VE TİCARET A.Ş.,KOCAELİ
KRVGD,KERVAN GIDA SANAYİ VE TİCARET A.Ş.,İSTANBUL
KERVN,KERVANSARAY YATIRIM HOLDİNG A.Ş.,İSTANBUL
TCKRC,KIRAÇ GALVANİZ TELEKOMİNİKASYON METAL MAKİNE İNŞAAT ELEKTRİK SANAYİ VE TİCARET A.Ş.,BURSA
KZBGY,KIZILBÜK GAYRİMENKUL YATIRIM ORTAKLIĞI A.Ş.,İSTANBUL
KLGYO,KİLER GAYRİMENKUL YATIRIM ORTAKLIĞI A.Ş.,İSTANBUL
KLRHO,KİLER HOLDİNG A.Ş.,İSTANBUL
KMPUR,KİMTEKS POLİÜRETAN SANAYİ VE TİCARET A.Ş.,İSTANBUL
KLMSN,KLİMASAN KLİMA SANAYİ VE TİCARET A.Ş.,MANİSA
KCAER,KOCAER ÇELİK SANAYİ VE TİCARET A.Ş.,DENİZLİ
KOCFN,KOÇ FİNANSMAN A.Ş.,İSTANBUL
KCHOL,KOÇ HOLDİNG A.Ş.,İSTANBUL
KOCMT,KOÇ METALURJİ A.Ş.,HATAY
KSFIN,KOÇ STELLANTİS FİNANSMAN A.Ş.,İSTANBUL
KLSYN,KOLEKSİYON MOBİLYA SANAYİ A.Ş.,İSTANBUL
KNFRT,KONFRUT TARIM A.Ş.,İSTANBUL
KONTR,KONTROLMATİK TEKNOLOJİ ENERJİ VE MÜHENDİSLİK A.Ş.,İSTANBUL
KONYA,KONYA ÇİMENTO SANAYİİ A.Ş.,KONYA
KONKA,KONYA KAĞIT SANAYİ VE TİCARET A.Ş.,KONYA
KGYO,KORAY GAYRİMENKUL YATIRIM ORTAKLIĞI A.Ş.,İSTANBUL
KORDS,KORDSA TEKNİK TEKSTİL A.Ş.,KOCAELİ
KRPLS,KOROPLAST TEMİZLİK AMBALAJ ÜRÜNLERİ SANAYİ VE DIŞ TİCARET A.Ş.,İSTANBUL
KORTS,KORTEKS MENSUCAT SANAYİ VE TİCARET A.Ş.,BURSA
KOTON,KOTON MAĞAZACILIK TEKSTİL SANAYİ VE TİCARET A.Ş.,İSTANBUL
KOPOL,KOZA POLYESTER SANAYİ VE TİCARET A.Ş.,GAZİANTEP
KRGYO,KÖRFEZ GAYRİMENKUL YATIRIM ORTAKLIĞI A.Ş.,İSTANBUL
KRSTL,KRİSTAL KOLA VE MEŞRUBAT SANAYİ TİCARET A.Ş.,İSTANBUL
KRONT,KRON TEKNOLOJİ A.Ş.,İSTANBUL
KTKVK,KT KİRA SERTİFİKALARI VARLIK KİRALAMA A.Ş.,İSTANBUL
KTSVK,KT SUKUK VARLIK KİRALAMA A.Ş.,İSTANBUL
KSTUR,KUŞTUR KUŞADASI TURİZM ENDÜSTRİSİ A.Ş.,AYDIN
KUVVA,KUVVA GIDA TİCARET VE SANAYİ YATIRIMLARI A.Ş.,İSTANBUL
KUYAS,KUYAŞ YATIRIM A.Ş.,İSTANBUL
KBORU,KUZEY BORU A.Ş.,AKSARAY
KZGYO,KUZUGRUP GAYRİMENKUL YATIRIM ORTAKLIĞI A.Ş.,İSTANBUL
KUTPO,KÜTAHYA PORSELEN SANAYİ A.Ş.,KÜTAHYA
KTSKR,KÜTAHYA ŞEKER FABRİKASI A.Ş.,KÜTAHYA
LIDER,LDR TURİZM A.Ş.,İSTANBUL
LIDFA,LİDER FAKTORİNG A.Ş.,İSTANBUL
LILAK,LİLA KAĞIT SANAYİ VE TİCARET A.Ş.,İSTANBUL
LMKDC,LİMAK DOĞU ANADOLU ÇİMENTO SANAYİ VE TİCARET A.Ş.,ŞANLIURFA
LINK,LİNK BİLGİSAYAR SİSTEMLERİ YAZILIMI VE DONANIMI SANAYİ VE TİCARET A.Ş.,İSTANBUL
LOGO,LOGO YAZILIM SANAYİ VE TİCARET A.Ş.,KOCAELİ
LKMNH,LOKMAN HEKİM ENGÜRÜSAĞ SAĞLIK TURİZM EĞİTİM HİZMETLERİ VE İNŞAAT TAAHHÜT A.Ş.,ANKARA
LRSHO,LORAS HOLDİNG A.Ş.,KONYA
LXGYO,LUXERA GAYRİMENKUL YATIRIM ORTAKLIĞI A.Ş.,İSTANBUL
LUKSK,LÜKS KADİFE TİCARET VE SANAYİİ A.Ş.,KAYSERİ
LYDHO,LYDİA HOLDİNG A.Ş.,İSTANBUL
LYDYE,LYDİA YEŞİL ENERJİ KAYNAKLARI A.Ş.,İSTANBUL
MACKO,MACKOLİK İNTERNET HİZMETLERİ TİCARET A.Ş.,İSTANBUL
MAKIM,MAKİM MAKİNA TEKNOLOJİLERİ SANAYİ VE TİCARET A.Ş.,ANKARA
MAKTK,MAKİNA TAKIM ENDÜSTRİSİ A.Ş.,İSTANBUL
MANAS,MANAS ENERJİ YÖNETİMİ SANAYİ VE TİCARET A.Ş.,ANKARA
MRBAS,MARBAŞ MENKUL DEĞERLER A.Ş.,İSTANBUL
MRS,MARBAŞ MENKUL DEĞERLER A.Ş.,İSTANBUL
MAGEN,MARGÜN ENERJİ ÜRETİM SANAYİ VE TİCARET A.Ş.,ANKARA
MRMAG,MARKA MAĞAZACILIK A.Ş.,İSTANBUL
MARKA,MARKA YATIRIM HOLDİNG A.Ş.,İSTANBUL
MARMR,MARMARA HOLDİNG A.Ş.,KOCAELİ
MAALT,MARMARİS ALTINYUNUS TURİSTİK TESİSLER A.Ş.,ANTALYA
MRSHL,MARSHALL BOYA VE VERNİK SANAYİİ A.Ş.,KOCAELİ
MRGYO,MARTI GAYRİMENKUL YATIRIM ORTAKLIĞI A.Ş.,İSTANBUL
MARTI,MARTI OTEL İŞLETMELERİ A.Ş.,İSTANBUL
MTRKS,MATRİKS FİNANSAL TEKNOLOJİLER A.Ş.,İSTANBUL
MAVI,MAVİ GİYİM SANAYİ VE TİCARET A.Ş.,İSTANBUL
MZHLD,MAZHAR ZORLU HOLDİNG A.Ş.,İZMİR
MDIAZ,MEDİAZZ YENİ MEDYA VE TEKNOLOJİ YATIRIMLARI A.Ş.,İSTANBUL
MEDTR,MEDİTERA TIBBİ MALZEME SANAYİ VE TİCARET A.Ş.,İZMİR
MEGMT,MEGA METAL SANAYİ VE TİCARET A.Ş.,İSTANBUL
MEGAP,MEGA POLİETİLEN KÖPÜK SANAYİ VE TİCARET A.Ş.,İSTANBUL
MEKAG,MEKA GLOBAL MAKİNE İMALAT SANAYİ VE TİCARET A.Ş.,ANKARA
MEKMD,MEKSA YATIRIM MENKUL DEĞERLER A.Ş.,İSTANBUL
MSA,MEKSA YATIRIM MENKUL DEĞERLER A.Ş.,İSTANBUL
MNDRS,MENDERES TEKSTİL SANAYİ VE TİCARET A.Ş.,İZMİR
MERCN,MERCAN KİMYA SANAYİ VE TİCARET A.Ş.,DENİZLİ
MRBKF,MERCEDES BENZ KAMYON FİNANSMAN A.Ş.,İSTANBUL
MBFTR,MERCEDES-BENZ FİNANSMAN TÜRK A.Ş.,İSTANBUL
MERIT,MERİT TURİZM YATIRIM VE İŞLETME A.Ş.,İSTANBUL
MERKO,MERKO GIDA SANAYİ VE TİCARET A.Ş.,İSTANBUL
METEN,METGÜN ENERJİ YATIRIMLARI A.Ş.,İSTANBUL
METRO,METRO TİCARİ VE MALİ YATIRIMLAR HOLDİNG A.Ş.,İSTANBUL
MTRYO,METRO YATIRIM ORTAKLIĞI A.Ş.,İSTANBUL
MCARD,METROPAL KURUMSAL HİZMETLER A.Ş.,İSTANBUL
MEYSU,MEYSU GIDA SANAYİ VE TİCARET A.Ş.,KAYSERİ
MHRGY,MHR GAYRİMENKUL YATIRIM ORTAKLIĞI A.Ş.,İSTANBUL
MIATK,MİA TEKNOLOJİ A.Ş.,ANKARA
MDASM,MİDAS MENKUL DEĞERLER A.Ş.,İSTANBUL
MDS,MİDAS MENKUL DEĞERLER A.Ş.,İSTANBUL
MGROS,MİGROS TİCARET A.Ş.,İSTANBUL
MILKS,MİLK ACADEMY SÜT ÜRÜNLERİ SANAYİ VE TİCARET A.Ş.,BURSA
MINTF,MİNT FİNANSMAN A.Ş.,İSTANBUL
MSGYO,MİSTRAL GAYRİMENKUL YATIRIM ORTAKLIĞI A.Ş.,İZMİR
MSY,MİSYON YATIRIM BANKASI A.Ş.,İSTANBUL
MSYBN,MİSYON YATIRIM BANKASI A.Ş.,İSTANBUL
MPARK,MLP SAĞLIK HİZMETLERİ A.Ş.,İSTANBUL
MMCAS,MMC SANAYİ VE TİCARİ YATIRIMLAR A.Ş.,İSTANBUL
MNGFA,MNG FAKTORİNG A.Ş.,İSTANBUL
MOBTL,MOBİLTEL İLETİŞİM HİZMETLERİ SANAYİ VE TİCARET A.Ş.,İSTANBUL
MOGAN,MOGAN ENERJİ YATIRIM HOLDİNG A.Ş.,ANKARA
MNDTR,MONDİ TURKEY OLUKLU MUKAVVA KAĞIT VE AMBALAJ SANAYİ A.Ş.,İZMİR
MOPAS,MOPAŞ MARKETÇİLİK GIDA SANAYİ VE TİCARET A.Ş.,İSTANBUL
EGEPO,NASMED ÖZEL SAĞLIK HİZMETLERİ TİCARET A.Ş.,İZMİR
NATEN,NATUREL YENİLENEBİLİR ENERJİ TİCARET A.Ş.,ANKARA
NTGAZ,NATURELGAZ SANAYİ VE TİCARET A.Ş.,İSTANBUL
NTHOL,NET HOLDİNG A.Ş.,İSTANBUL
NETAS,NETAŞ TELEKOMÜNİKASYON A.Ş.,İSTANBUL
NETCD,NETCAD YAZILIM A.Ş.,ANKARA
NIBAS,NİĞBAŞ NİĞDE BETON SANAYİ VE TİCARET A.Ş.,NİĞDE
NUHCM,NUH ÇİMENTO SANAYİ A.Ş.,KOCAELİ
NUGYO,NUROL GAYRİMENKUL YATIRIM ORTAKLIĞI A.Ş.,İSTANBUL
NURVK,NUROL VARLIK KİRALAMA A.Ş.,
NRBNK,NUROL YATIRIM BANKASI A.Ş.,İSTANBUL
NYB,NUROL YATIRIM BANKASI A.Ş.,İSTANBUL
OBAMS,OBA MAKARNACILIK SANAYİ VE TİCARET A.Ş.,GAZİANTEP
OBASE,OBASE BİLGİSAYAR VE DANIŞMANLIK HİZMETLERİ TİCARET A.Ş.,İSTANBUL
ODAS,ODAŞ ELEKTRİK ÜRETİM SANAYİ TİCARET A.Ş.,İSTANBUL
ODINE,ODİNE SOLUTİONS TEKNOLOJİ TİCARET VE SANAYİ A.Ş.,İSTANBUL
OFSYM,OFİS YEM GIDA SANAYİ TİCARET A.Ş.,ANKARA
ONCSM,ONCOSEM ONKOLOJİK SİSTEMLER SANAYİ VE TİCARET A.Ş.,ANKARA
ONRYT,ONUR YÜKSEK TEKNOLOJİ A.Ş.,ANKARA
OPET,OPET PETROLCÜLÜK A.Ş.,İSTANBUL
ORCAY,ORÇAY ORTAKÖY ÇAY SANAYİ VE TİCARET A.Ş.,RİZE
ORFIN,ORFİN FİNANSMAN A.Ş.,İSTANBUL
ORGE,ORGE ENERJİ ELEKTRİK TAAHHÜT A.Ş.,İSTANBUL
ORMA,ORMA ORMAN MAHSÜLLERİ İNTEGRE SANAYİ VE TİCARET A.Ş.,İSTANBUL
ORZAX,ORZAKS İLAÇ VE KİMYA SANAYİ TİCARET A.Ş.,İSTANBUL
OSVKS,OSMANLI VARLIK KİRALAMA A.Ş.,İSTANBUL
OMD,OSMANLI YATIRIM MENKUL DEĞERLER A.Ş.,İSTANBUL
OSMEN,OSMANLI YATIRIM MENKUL DEĞERLER A.Ş.,İSTANBUL
OSTIM,OSTİM ENDÜSTRİYEL YATIRIMLAR VE İŞLETME A.Ş.,ANKARA
OTKAR,OTOKAR OTOMOTİV VE SAVUNMA SANAYİ A.Ş.,İSTANBUL
OTOSR,OTOSOR OTOMOTİV A.Ş.,İSTANBUL
OTTO,OTTO HOLDİNG A.Ş.,İSTANBUL
OYAKC,OYAK ÇİMENTO FABRİKALARI A.Ş.,ANKARA
OYA,OYAK YATIRIM MENKUL DEĞERLER A.Ş.,İSTANBUL
OYYAT,OYAK YATIRIM MENKUL DEĞERLER A.Ş.,İSTANBUL
OYAYO,OYAK YATIRIM ORTAKLIĞI A.Ş.,İSTANBUL
OYLUM,OYLUM SINAİ YATIRIMLAR A.Ş.,KAYSERİ
OZKGY,ÖZAK GAYRİMENKUL YATIRIM ORTAKLIĞI A.Ş.,İSTANBUL
OZATD,ÖZATA DENİZCİLİK SANAYİ VE TİCARET A.Ş.,YALOVA
OZGYO,ÖZDERİCİ GAYRİMENKUL YATIRIM ORTAKLIĞI A.Ş.,İSTANBUL
OZRDN,ÖZERDEN AMBALAJ SANAYİ A.Ş.,İSTANBUL
OZSUB,ÖZSU BALIK ÜRETİM A.Ş.,İZMİR
OZYSR,ÖZYAŞAR TEL VE GALVANİZLEME SANAYİ A.Ş.,İSTANBUL
PAMEL,PAMEL YENİLENEBİLİR ELEKTRİK ÜRETİM A.Ş.,İSTANBUL
PNLSN,PANELSAN ÇATI CEPHE SİSTEMLERİ SANAYİ VE TİCARET A.Ş.,ANKARA
PAGYO,PANORA GAYRİMENKUL YATIRIM ORTAKLIĞI A.Ş.,ANKARA
PAPIL,PAPİLON SAVUNMA TEKNOLOJİ VE TİCARET A.Ş.,ANKARA
PRFFK,PARAFİNANS FAKTORİNG A.Ş.,İSTANBUL
PRDGS,PARDUS GİRİŞİM SERMAYESİ YATIRIM ORTAKLIĞI A.Ş.,İSTANBUL
PRKME,PARK ELEKTRİK ÜRETİM MADENCİLİK SANAYİ VE TİCARET A.Ş.,İSTANBUL
PARSN,PARSAN MAKİNA PARÇALARI SANAYİİ A.Ş.,İSTANBUL
PBT,PASHA YATIRIM BANKASI A.Ş.,İSTANBUL
PBTR,PASHA YATIRIM BANKASI A.Ş.,İSTANBUL
PASEU,PASİFİK EURASİA LOJİSTİK DIŞ TİCARET A.Ş.,ANKARA
PSGYO,PASİFİK GAYRİMENKUL YATIRIM ORTAKLIĞI A.Ş.,ANKARA
PAHOL,PASİFİK HOLDİNG A.Ş.,ANKARA
PATEK,PASİFİK TEKNOLOJİ A.Ş.,İSTANBUL
PCILT,PC İLETİŞİM VE MEDYA HİZMETLERİ SANAYİ TİCARET A.Ş.,İSTANBUL
PGSUS,PEGASUS HAVA TAŞIMACILIĞI A.Ş.,İSTANBUL
PEKGY,PEKER GAYRİMENKUL YATIRIM ORTAKLIĞI A.Ş.,İSTANBUL
PENGD,PENGUEN GIDA SANAYİ A.Ş.,BURSA
PENTA,PENTA TEKNOLOJİ ÜRÜNLERİ DAĞITIM TİCARET A.Ş.,İSTANBUL
PSDTC,PERGAMON STATUS DIŞ TİCARET A.Ş.,İZMİR
PETKM,PETKİM PETROKİMYA HOLDİNG A.Ş.,İZMİR
PKENT,PETROKENT TURİZM A.Ş.,ANKARA
PETUN,PINAR ENTEGRE ET VE UN SANAYİİ A.Ş.,İZMİR
PINSU,PINAR SU VE İÇECEK SANAYİ VE TİCARET A.Ş.,İZMİR
PNSUT,PINAR SÜT MAMÜLLERİ SANAYİİ A.Ş.,İZMİR
PKART,PLASTİKKART AKILLI KART İLETİŞİM SİSTEMLERİ SANAYİ VE TİCARET A.Ş.,İSTANBUL
PLTUR,PLATFORM TURİZM TAŞIMACILIK GIDA İNŞAAT TEMİZLİK HİZMETLERİ SANAYİ VE TİCARET A.Ş.,İSTANBUL
POLHO,POLİSAN HOLDİNG A.Ş.,KOCAELİ
POLTK,POLİTEKNİK METAL SANAYİ VE TİCARET A.Ş.,İSTANBUL
PRZMA,PRİZMA PRES MATBAACILIK YAYINCILIK SANAYİ VE TİCARET A.Ş.,İSTANBUL
QYATB,Q YATIRIM BANKASI A.Ş.,İZMİR
YBQ,Q YATIRIM BANKASI A.Ş.,İZMİR
QYHOL,Q YATIRIM HOLDİNG A.Ş.,AYDIN
FIN,QNB BANK A.Ş.,İSTANBUL
QNBTR,QNB BANK A.Ş.,İSTANBUL
QNBFF,QNB FAKTORİNG A.Ş.,İSTANBUL
QNBFK,QNB FİNANSAL KİRALAMA A.Ş.,İSTANBUL
QNBVK,QNB VARLIK KİRALAMA A.Ş.,İSTANBUL
QUAGR,QUA GRANITE HAYAL YAPI VE ÜRÜNLERİ SANAYİ TİCARET A.Ş.,AYDIN
QUFIN,QUICK FİNANSMAN A.Ş.,İSTANBUL
RNPOL,RAİNBOW POLİKARBONAT SANAYİ TİCARET A.Ş.,KAYSERİ
RALYH,RAL YATIRIM HOLDİNG A.Ş.,ANKARA
RAYSG,RAY SİGORTA A.Ş.,İSTANBUL
REEDR,REEDER TEKNOLOJİ SANAYİ VE TİCARET A.Ş.,SAMSUN
RYGYO,REYSAŞ GAYRİMENKUL YATIRIM ORTAKLIĞI A.Ş.,İSTANBUL
RYSAS,REYSAŞ TAŞIMACILIK VE LOJİSTİK TİCARET A.Ş.,İSTANBUL
RODRG,RODRİGO TEKSTİL SANAYİ VE TİCARET A.Ş.,İSTANBUL
RGYAS,RÖNESANS GAYRİMENKUL YATIRIM A.Ş.,ANKARA
RTALB,RTA LABORATUVARLARI BİYOLOJİK ÜRÜNLER İLAÇ VE MAKİNE SANAYİ TİCARET A.Ş.,KOCAELİ
RUBNS,RUBENİS TEKSTİL SANAYİ TİCARET A.Ş.,İSTANBUL
RUZYE,RUZY MADENCİLİK VE ENERJİ YATIRIMLARI SANAYİ VE TİCARET A.Ş.,İZMİR
SAFKR,SAFKAR EGE SOĞUTMACILIK KLİMA SOĞUK HAVA TESİSLERİ İHRACAT İTHALAT SANAYİ VE TİCARET A.Ş.,İZMİR
SANEL,SAN-EL MÜHENDİSLİK ELEKTRİK TAAHHÜT SANAYİ VE TİCARET A.Ş.,İSTANBUL
SNICA,SANİCA ISI SANAYİ A.Ş.,İSTANBUL
SANFM,SANİFOAM ENDÜSTRİ VE TÜKETİM ÜRÜNLERİ SANAYİ TİCARET A.Ş.,TEKİRDAĞ
SANKO,SANKO PAZARLAMA İTHALAT İHRACAT A.Ş.,GAZİANTEP
SAMAT,SARAY MATBAACILIK KAĞITÇILIK KIRTASİYECİLİK TİCARET VE SANAYİ A.Ş.,ANKARA
SARKY,SARKUYSAN ELEKTROLİTİK BAKIR SANAYİ VE TİCARET A.Ş.,KOCAELİ
SARTN,SARTEN AMBALAJ SANAYİ VE TİCARET A.Ş.,
SASA,SASA POLYESTER SANAYİ A.Ş.,ADANA
SVGYO,SAVUR GAYRİMENKUL YATIRIM ORTAKLIĞI A.Ş.,İSTANBUL
SAYAS,SAY YENİLENEBİLİR ENERJİ EKİPMANLARI SANAYİ VE TİCARET A.Ş.,İZMİR
SDTTR,SDT UZAY VE SAVUNMA TEKNOLOJİLERİ A.Ş.,ANKARA
SEGMN,SEĞMEN KARDEŞLER GIDA ÜRETİM VE AMBALAJ SANAYİ A.Ş.,ANKARA
SEKUR,SEKURO PLASTİK AMBALAJ SANAYİ A.Ş.,İSTANBUL
SELEC,SELÇUK ECZA DEPOSU TİCARET VE SANAYİ A.Ş.,İSTANBUL
SELVA,SELVA GIDA SANAYİ A.Ş.,KONYA
SERNT,SERANİT GRANİT SERAMİK SANAYİ VE TİCARET A.Ş.,İSTANBUL
SRVGY,SERVET GAYRİMENKUL YATIRIM ORTAKLIĞI A.Ş.,İSTANBUL
SEYKM,SEYİTLER KİMYA SANAYİ A.Ş.,MANİSA
SILVR,SİLVERLİNE ENDÜSTRİ VE TİCARET A.Ş.,AMASYA
SNGYO,SİNPAŞ GAYRİMENKUL YATIRIM ORTAKLIĞI A.Ş.,İSTANBUL
SKYLP,SKYALP FİNANSAL TEKNOLOJİLER VE DANIŞMANLIK A.Ş.,İSTANBUL
SMRTG,SMART GÜNEŞ ENERJİSİ TEKNOLOJİLERİ ARAŞTIRMA GELİŞTİRME ÜRETİM SANAYİ VE TİCARET A.Ş.,İSTANBUL
SMART,SMARTİKS YAZILIM A.Ş.,İSTANBUL
SODSN,SODAŞ SODYUM SANAYİİ A.Ş.,İZMİR
SOHOE,SOHO GİYİM VE ENERJİ A.Ş.,İSTANBUL
SOKE,SÖKE DEĞİRMENCİLİK SANAYİ VE TİCARET A.Ş.,AYDIN
SKTAS,SÖKTAŞ TEKSTİL SANAYİ VE TİCARET A.Ş.,AYDIN
SONME,SÖNMEZ FİLAMENT SENTETİK İPLİK VE ELYAF SANAYİ A.Ş.,BURSA
SNPAM,SÖNMEZ PAMUKLU SANAYİİ A.Ş.,BURSA
SUMAS,SUMAŞ SUNİ TAHTA VE MOBİLYA SANAYİİ A.Ş.,BALIKESİR
SUNTK,SUN TEKSTİL SANAYİ VE TİCARET A.Ş.,İZMİR
SURGY,SUR TATİL EVLERİ GAYRİMENKUL YATIRIM ORTAKLIĞI A.Ş.,İSTANBUL
SUWEN,SUWEN TEKSTİL SANAYİ PAZARLAMA A.Ş.,İSTANBUL
SMRFA,SÜMER FAKTORİNG A.Ş.,İSTANBUL
SMRVA,SÜMER VARLIK YÖNETİM A.Ş.,İSTANBUL
SEKFK,ŞEKER FİNANSAL KİRALAMA A.Ş.,İSTANBUL
SEGYO,ŞEKER GAYRİMENKUL YATIRIM ORTAKLIĞI A.Ş.,İSTANBUL
SKY,ŞEKER YATIRIM MENKUL DEĞERLER A.Ş.,İSTANBUL
SKYMD,ŞEKER YATIRIM MENKUL DEĞERLER A.Ş.,İSTANBUL
SEK,ŞEKERBANK T.A.Ş.,
SKBNK,ŞEKERBANK T.A.Ş.,
SOKM,ŞOK MARKETLER TİCARET A.Ş.,İSTANBUL
TABGD,TAB GIDA SANAYİ VE TİCARET A.Ş.,İSTANBUL
TAC,TACİRLER YATIRIM MENKUL DEĞERLER A.Ş.,İSTANBUL
TCRYT,TACİRLER YATIRIM MENKUL DEĞERLER A.Ş.,İSTANBUL
TAMFA,TAM FİNANS FAKTORİNG A.Ş.,İSTANBUL
TNZTP,TAPDİ OKSİJEN ÖZEL SAĞLIK VE EĞİTİM HİZMETLERİ SANAYİ TİCARET A.Ş.,İZMİR
TARKM,TARKİM BİTKİ KORUMA SANAYİ VE TİCARET A.Ş.,MANİSA
TATGD,TAT GIDA SANAYİ A.Ş.,İSTANBUL
TATEN,TATLIPINAR ENERJİ ÜRETİM A.Ş.,İSTANBUL
TAVHL,TAV HAVALİMANLARI HOLDİNG A.Ş.,İSTANBUL
DRPHN,T.C. HAZİNE VE MALİYE BAKANLIĞI DARPHANE VE DAMGA MATBAASI GENEL MÜDÜRLÜĞÜ,İSTANBUL
TEBFA,TEB FAKTORİNG A.Ş.,İSTANBUL
TEKTU,TEK-ART İNŞAAT TİCARET TURİZM SANAYİ VE YATIRIMLAR A.Ş.,İSTANBUL
TKFEN,TEKFEN HOLDİNG A.Ş.,İSTANBUL
TKNSA,TEKNOSA İÇ VE DIŞ TİCARET A.Ş.,İSTANBUL
TMPOL,TEMAPOL POLİMER PLASTİK VE İNŞAAT SANAYİ TİCARET A.Ş.,KAYSERİ
TRFFA,TERA FİNANS FAKTORİNG A.Ş.,İSTANBUL
TRHOL,TERA FİNANSAL YATIRIMLAR HOLDİNG A.Ş.,İSTANBUL
TEVKS,TERA VARLIK KİRALAMA A.Ş.,İSTANBUL
TAE,TERA YATIRIM BANKASI A.Ş.,İSTANBUL
TRBNK,TERA YATIRIM BANKASI A.Ş.,İSTANBUL
TERA,TERA YATIRIM MENKUL DEĞERLER A.Ş.,İSTANBUL
TRA,TERA YATIRIM MENKUL DEĞERLER A.Ş.,İSTANBUL
TEHOL,TERA YATIRIM TEKNOLOJİ HOLDİNG A.Ş.,İSTANBUL
TFNVK,TF VARLIK KİRALAMA A.Ş.,İSTANBUL
TGSAS,TGS DIŞ TİCARET A.Ş.,İSTANBUL
TIMUR,TİMUR GAYRİMENKUL GELİŞTİRME YAPI VE YATIRIM A.Ş.,İSTANBUL
TRYKI,TİRYAKİ AGRO GIDA SANAYİ VE TİCARET A.Ş.,İSTANBUL
TOASO,TOFAŞ TÜRK OTOMOBİL FABRİKASI A.Ş.,İSTANBUL
TRGYO,TORUNLAR GAYRİMENKUL YATIRIM ORTAKLIĞI A.Ş.,İSTANBUL
TRMET,TR ANADOLU METAL MADENCİLİK İŞLETMELERİ A.Ş.,ANKARA
TRENJ,TR DOĞAL ENERJİ KAYNAKLARI ARAŞTIRMA VE ÜRETİM A.Ş.,ANKARA
TLMAN,TRABZON LİMAN İŞLETMECİLİĞİ A.Ş.,TRABZON
TSPOR,TRABZONSPOR SPORTİF YATIRIM VE FUTBOL İŞLETMECİLİĞİ TİCARET A.Ş.,TRABZON
TDGYO,TREND GAYRİMENKUL YATIRIM ORTAKLIĞI A.Ş.,İSTANBUL
TRMEN,TRIVE YATIRIM MENKUL DEĞERLER A.Ş.,İSTANBUL
TVM,TRIVE YATIRIM MENKUL DEĞERLER A.Ş.,İSTANBUL
TSGYO,TSKB GAYRİMENKUL YATIRIM ORTAKLIĞI A.Ş.,İSTANBUL
TUCLK,TUĞÇELİK ALÜMİNYUM VE METAL MAMÜLLERİ SANAYİ VE TİCARET A.Ş.,İSTANBUL
TUKAS,TUKAŞ GIDA SANAYİ VE TİCARET A.Ş.,İZMİR
TRCAS,TURCAS HOLDİNG A.Ş.,İSTANBUL
TUREX,TUREKS TURİZM TAŞIMACILIK A.Ş.,İSTANBUL
MARBL,TUREKS TURUNÇ MADENCİLİK İÇ VE DIŞ TİCARET A.Ş.,AFYONKARAHİSAR
TRKFN,TURK FİNANSMAN A.Ş.,İSTANBUL
TRILC,TURK İLAÇ VE SERUM SANAYİ A.Ş.,ANKARA
TCELL,TURKCELL İLETİŞİM HİZMETLERİ A.Ş.,İSTANBUL
TRKNT,TURKNET İLETİŞİM HİZMETLERİ A.Ş.,İSTANBUL
TMSN,TÜMOSAN MOTOR VE TRAKTÖR SANAYİ A.Ş.,İSTANBUL
TUPRS,TÜPRAŞ-TÜRKİYE PETROL RAFİNERİLERİ A.Ş.,İSTANBUL
TRALT,TÜRK ALTIN İŞLETMELERİ A.Ş.,ANKARA
THYAO,TÜRK HAVA YOLLARI A.O.,İSTANBUL
PRKAB,TÜRK PRYSMİAN KABLO VE SİSTEMLERİ A.Ş.,BURSA
TTKOM,TÜRK TELEKOMÜNİKASYON A.Ş.,ANKARA
TTRAK,TÜRK TRAKTÖR VE ZİRAAT MAKİNELERİ A.Ş.,ANKARA
TBORG,TÜRK TUBORG BİRA VE MALT SANAYİİ A.Ş.,İZMİR
TURGG,TÜRKER PROJE GAYRİMENKUL VE YATIRIM GELİŞTİRME A.Ş.,İSTANBUL
GARAN,TÜRKİYE GARANTİ BANKASI A.Ş.,İSTANBUL
TGB,TÜRKİYE GARANTİ BANKASI A.Ş.,İSTANBUL
HALKB,TÜRKİYE HALK BANKASI A.Ş.,İSTANBUL
THL,TÜRKİYE HALK BANKASI A.Ş.,İSTANBUL
EXIMB,TÜRKİYE İHRACAT KREDİ BANKASI A.Ş.,İSTANBUL
THR,TÜRKİYE İHRACAT KREDİ BANKASI A.Ş.,İSTANBUL
ISATR,TÜRKİYE İŞ BANKASI A.Ş.,İSTANBUL
ISBTR,TÜRKİYE İŞ BANKASI A.Ş.,İSTANBUL
ISCTR,TÜRKİYE İŞ BANKASI A.Ş.,İSTANBUL
ISKUR,TÜRKİYE İŞ BANKASI A.Ş.,İSTANBUL
TIB,TÜRKİYE İŞ BANKASI A.Ş.,İSTANBUL
KLN,TÜRKİYE KALKINMA VE YATIRIM BANKASI A.Ş.,İSTANBUL
KLNMA,TÜRKİYE KALKINMA VE YATIRIM BANKASI A.Ş.,İSTANBUL
TSK,TÜRKİYE SINAİ KALKINMA BANKASI A.Ş.,İSTANBUL
TSKB,TÜRKİYE SINAİ KALKINMA BANKASI A.Ş.,İSTANBUL
TURSG,TÜRKİYE SİGORTA A.Ş.,İSTANBUL
SISE,TÜRKİYE ŞİŞE VE CAM FABRİKALARI A.Ş.,İSTANBUL
TVB,TÜRKİYE VAKIFLAR BANKASI T.A.O.,İSTANBUL
VAKBN,TÜRKİYE VAKIFLAR BANKASI T.A.O.,İSTANBUL
TV8TV,TV8 TV YAYINCILIK A.Ş.,İSTANBUL
UFUK,UFUK YATIRIM YÖNETİM VE GAYRİMENKUL A.Ş.,İSTANBUL
ULAS,ULAŞLAR TURİZM ENERJİ TARIM GIDA VE İNŞAAT YATIRIMLARI A.Ş.,ANKARA
ULUFA,ULUSAL FAKTORİNG A.Ş.,İSTANBUL
ULUSE,ULUSOY ELEKTRİK İMALAT TAAHHÜT VE TİCARET A.Ş.,ANKARA
ULUUN,ULUSOY UN SANAYİ VE TİCARET A.Ş.,SAMSUN
UMPAS,UMPAŞ HOLDİNG A.Ş.,UŞAK
USAK,UŞAK SERAMİK SANAYİ A.Ş.,UŞAK
UCAYM,ÜÇAY MÜHENDİSLİK ENERJİ VE İKLİMLENDİRME TEKNOLOJİLERİ A.Ş.,İSTANBUL
ULKER,ÜLKER BİSKÜVİ SANAYİ A.Ş.,İSTANBUL
UNLU,ÜNLÜ YATIRIM HOLDİNG A.Ş.,İSTANBUL
VAKFA,VAKIF FAKTORİNG A.Ş.,İSTANBUL
VAKFN,VAKIF FİNANSAL KİRALAMA A.Ş.,İSTANBUL
VKGYO,VAKIF GAYRİMENKUL YATIRIM ORTAKLIĞI A.Ş.,İSTANBUL
VKFYO,VAKIF MENKUL KIYMET YATIRIM ORTAKLIĞI A.Ş.,İSTANBUL
VAKVK,VAKIF VARLIK KİRALAMA A.Ş.,İSTANBUL
VAKKO,VAKKO TEKSTİL VE HAZIR GİYİM SANAYİ İŞLETMELERİ A.Ş.,İSTANBUL
VANGD,VANET GIDA SANAYİ İÇ VE DIŞ TİCARET A.Ş.,İSTANBUL
VBTYZ,VBT YAZILIM A.Ş.,İSTANBUL
VDFLO,VDF FİLO KİRALAMA A.Ş.,İSTANBUL
VRGYO,VERA KONSEPT GAYRİMENKUL YATIRIM ORTAKLIĞI A.Ş.,ANKARA
VERUS,VERUSA HOLDİNG A.Ş.,İSTANBUL
VERTU,VERUSATURK GİRİŞİM SERMAYESİ YATIRIM ORTAKLIĞI A.Ş.,İSTANBUL
VESBE,VESTEL BEYAZ EŞYA SANAYİ VE TİCARET A.Ş.,İSTANBUL
VESTL,VESTEL ELEKTRONİK SANAYİ VE TİCARET A.Ş.,İSTANBUL
VKING,VİKİNG KAĞIT VE SELÜLOZ A.Ş.,İZMİR
VSNMD,VİŞNE MADENCİLİK ÜRETİM SANAYİ VE TİCARET A.Ş.,İZMİR
VDFAS,VOLKSWAGEN DOĞUŞ FİNANSMAN A.Ş.,İSTANBUL
YKFKT,YAPI KREDİ FAKTORİNG A.Ş.,İSTANBUL
YKFIN,YAPI KREDİ FİNANSAL KİRALAMA A.O.,İSTANBUL
YKR,YAPI KREDİ YATIRIM MENKUL DEĞERLER A.Ş.,İSTANBUL
YKYAT,YAPI KREDİ YATIRIM MENKUL DEĞERLER A.Ş.,İSTANBUL
YKB,YAPI VE KREDİ BANKASI A.Ş.,İSTANBUL
YKBNK,YAPI VE KREDİ BANKASI A.Ş.,İSTANBUL
YAPRK,YAPRAK SÜT VE BESİ ÇİFTLİKLERİ SANAYİ VE TİCARET A.Ş.,İSTANBUL
YATAS,YATAŞ YATAK VE YORGAN SANAYİ TİCARET A.Ş.,KAYSERİ
YATVK,YATIRIM VARLIK KİRALAMA A.Ş.,İSTANBUL
YYLGD,YAYLA AGRO GIDA SANAYİ VE TİCARET A.Ş.,ANKARA
YAYLA,YAYLA ENERJİ ÜRETİM TURİZM VE İNŞAAT TİCARET A.Ş.,ANKARA
YGGYO,YENİ GİMAT GAYRİMENKUL YATIRIM ORTAKLIĞI A.Ş.,ANKARA
YEOTK,YEO TEKNOLOJİ ENERJİ VE ENDÜSTRİ A.Ş.,İSTANBUL
YYAPI,YEŞİL YAPI ENDÜSTRİSİ A.Ş.,İSTANBUL
YESIL,YEŞİL YATIRIM HOLDİNG A.Ş.,İSTANBUL
YBTAS,YİBİTAŞ YOZGAT İŞÇİ BİRLİĞİ İNŞAAT MALZEMELERİ TİCARET VE SANAYİ A.Ş.,YOZGAT
YIGIT,YİĞİT AKÜ MALZEMELERİ NAKLİYAT TURİZM İNŞAAT SANAYİ VE TİCARET A.Ş.,ANKARA
YONGA,YONGA MOBİLYA SANAYİ VE TİCARET A.Ş.,DENİZLİ
YKSLN,YÜKSELEN ÇELİK A.Ş.,İSTANBUL
YUNSA,YÜNSA YÜNLÜ SANAYİ VE TİCARET A.Ş.,İSTANBUL
ZGYO,Z GAYRİMENKUL YATIRIM ORTAKLIĞI A.Ş.,ANKARA
ZEDUR,ZEDUR ENERJİ ELEKTRİK ÜRETİM A.Ş.,ANKARA
ZERGY,ZERAY GAYRİMENKUL YATIRIM ORTAKLIĞI A.Ş.,KOCAELİ
ZRGYO,ZİRAAT GAYRİMENKUL YATIRIM ORTAKLIĞI A.Ş.,İSTANBUL
ZKBVK,ZİRAAT KATILIM VARLIK KİRALAMA A.Ş.,İSTANBUL
ZKBVR,ZKB VARLIK KİRALAMA A.Ş.,İSTANBUL
ZOREN,ZORLU ENERJİ ELEKTRİK ÜRETİM A.Ş.,BURSA
BINHO,1000 YATIRIMLAR HOLDİNG A.Ş.,İSTANBUL
